DROP DATABASE IF EXISTS marquesModelesVoitures;
CREATE DATABASE marquesModelesVoitures DEFAULT CHARACTER SET utf8;
USE marquesModelesVoitures;
CREATE TABLE Marques(
   idMarque INT AUTO_INCREMENT PRIMARY KEY,
   numMarque INT NOT NULL,
   nomMarque VARCHAR(50)  NOT NULL
)ENGINE=InnoDB;

CREATE TABLE Modeles(
   idModele INT AUTO_INCREMENT PRIMARY KEY,
   nomModele VARCHAR(50)  NOT NULL,
   idMarque INT NOT NULL
   
)ENGINE=InnoDB;
ALTER TABLE Modeles ADD CONSTRAINT FK_Modeles_Marques FOREIGN KEY(idMarque) REFERENCES Marques(idMarque);

CREATE TABLE Dates(
   idDate INT AUTO_INCREMENT PRIMARY KEY,
   dateCommande DATE NOT NULL,
   dateArrivee DATE
)ENGINE=InnoDB;

CREATE TABLE commande(
   idCommande INT AUTO_INCREMENT NOT NULL PRIMARY KEY,
   idModele INT,
   idDate INT
)ENGINE=InnoDB;

ALTER TABLE commande ADD CONSTRAINT FK_Commande_Modeles FOREIGN KEY(idModele) REFERENCES Modeles(idModele);
ALTER TABLE commande ADD CONSTRAINT FK_Commande_Dates FOREIGN KEY(idDate) REFERENCES Dates(idDate);

INSERT INTO Marques(numMarque, nomMarque) VALUES (1,"ALFA ROMEO");
INSERT INTO Marques(numMarque, nomMarque) VALUES (2,"AUDI");
INSERT INTO Marques(numMarque, nomMarque) VALUES (3,"BENTLEY");
INSERT INTO Marques(numMarque, nomMarque) VALUES (4,"BMW");
INSERT INTO Marques(numMarque, nomMarque) VALUES (5,"CADILLAC");
INSERT INTO Marques(numMarque, nomMarque) VALUES (6,"CHEVROLET");
INSERT INTO Marques(numMarque, nomMarque) VALUES (7,"CITROEN");
INSERT INTO Marques(numMarque, nomMarque) VALUES (8,"DACIA");
INSERT INTO Marques(numMarque, nomMarque) VALUES (9,"FERRARI");
INSERT INTO Marques(numMarque, nomMarque) VALUES (10,"FIAT");
INSERT INTO Marques(numMarque, nomMarque) VALUES (11,"FORD");
INSERT INTO Marques(numMarque, nomMarque) VALUES (12,"HONDA");
INSERT INTO Marques(numMarque, nomMarque) VALUES (13,"HYUNDAI");
INSERT INTO Marques(numMarque, nomMarque) VALUES (14,"INFINITI");
INSERT INTO Marques(numMarque, nomMarque) VALUES (15,"JAGUAR");
INSERT INTO Marques(numMarque, nomMarque) VALUES (16,"JEEP");
INSERT INTO Marques(numMarque, nomMarque) VALUES (17,"KIA");
INSERT INTO Marques(numMarque, nomMarque) VALUES (18,"LADA");
INSERT INTO Marques(numMarque, nomMarque) VALUES (19,"LAMBORGHINI");
INSERT INTO Marques(numMarque, nomMarque) VALUES (20,"LANCIA");
INSERT INTO Marques(numMarque, nomMarque) VALUES (21,"LAND ROVER");
INSERT INTO Marques(numMarque, nomMarque) VALUES (22,"LEXUS");
INSERT INTO Marques(numMarque, nomMarque) VALUES (23,"MASERATI");
INSERT INTO Marques(numMarque, nomMarque) VALUES (24,"MAZDA");
INSERT INTO Marques(numMarque, nomMarque) VALUES (25,"MERCEDES");
INSERT INTO Marques(numMarque, nomMarque) VALUES (26,"MINI");
INSERT INTO Marques(numMarque, nomMarque) VALUES (27,"MITSUBISHI");
INSERT INTO Marques(numMarque, nomMarque) VALUES (28,"NISSAN");
INSERT INTO Marques(numMarque, nomMarque) VALUES (29,"OPEL");
INSERT INTO Marques(numMarque, nomMarque) VALUES (30,"PEUGEOT");
INSERT INTO Marques(numMarque, nomMarque) VALUES (31,"PORSCHE");
INSERT INTO Marques(numMarque, nomMarque) VALUES (32,"RENAULT");
INSERT INTO Marques(numMarque, nomMarque) VALUES (33,"ROLLS ROYCE");
INSERT INTO Marques(numMarque, nomMarque) VALUES (34,"SEAT");
INSERT INTO Marques(numMarque, nomMarque) VALUES (35,"SKODA");
INSERT INTO Marques(numMarque, nomMarque) VALUES (36,"SMART");
INSERT INTO Marques(numMarque, nomMarque) VALUES (37,"SSANGYONG");
INSERT INTO Marques(numMarque, nomMarque) VALUES (38,"SUBARU");
INSERT INTO Marques(numMarque, nomMarque) VALUES (39,"SUZUKI");
INSERT INTO Marques(numMarque, nomMarque) VALUES (40,"TESLA");
INSERT INTO Marques(numMarque, nomMarque) VALUES (41,"TOYOTA");
INSERT INTO Marques(numMarque, nomMarque) VALUES (42,"VOLKSWAGEN");
INSERT INTO Marques(numMarque, nomMarque) VALUES (43,"VOLVO");

INSERT INTO Modeles (nomModele, idMarque) VALUES ("159",1);
INSERT INTO Modeles (nomModele, idMarque) VALUES ("170",1);
INSERT INTO Modeles (nomModele, idMarque) VALUES ("8C",1);
INSERT INTO Modeles (nomModele, idMarque) VALUES ("A5",1);
INSERT INTO Modeles (nomModele, idMarque) VALUES ("GIULIETTA",1);
INSERT INTO Modeles (nomModele, idMarque) VALUES ("MITO",1);
INSERT INTO Modeles (nomModele, idMarque) VALUES ("SPIDER",1);
INSERT INTO Modeles (nomModele, idMarque) VALUES ("A1",2);
INSERT INTO Modeles (nomModele, idMarque) VALUES ("A3",2);
INSERT INTO Modeles (nomModele, idMarque) VALUES ("A4",2);
INSERT INTO Modeles (nomModele, idMarque) VALUES ("A5",2);
INSERT INTO Modeles (nomModele, idMarque) VALUES ("A6",2);
INSERT INTO Modeles (nomModele, idMarque) VALUES ("A7",2);
INSERT INTO Modeles (nomModele, idMarque) VALUES ("A8",2);
INSERT INTO Modeles (nomModele, idMarque) VALUES ("Q3",2);
INSERT INTO Modeles (nomModele, idMarque) VALUES ("Q5",2);
INSERT INTO Modeles (nomModele, idMarque) VALUES ("Q7",2);
INSERT INTO Modeles (nomModele, idMarque) VALUES ("R8",2);
INSERT INTO Modeles (nomModele, idMarque) VALUES ("TT",2);
INSERT INTO Modeles (nomModele, idMarque) VALUES ("CONTINENTAL",3);
INSERT INTO Modeles (nomModele, idMarque) VALUES ("FLYING SPUR",3);
INSERT INTO Modeles (nomModele, idMarque) VALUES ("MULSANNE",3);
INSERT INTO Modeles (nomModele, idMarque) VALUES ("114",4);
INSERT INTO Modeles (nomModele, idMarque) VALUES ("116",4);
INSERT INTO Modeles (nomModele, idMarque) VALUES ("118",4);
INSERT INTO Modeles (nomModele, idMarque) VALUES ("120",4);
INSERT INTO Modeles (nomModele, idMarque) VALUES ("125",4);
INSERT INTO Modeles (nomModele, idMarque) VALUES ("214",4);
INSERT INTO Modeles (nomModele, idMarque) VALUES ("216",4);
INSERT INTO Modeles (nomModele, idMarque) VALUES ("218",4);
INSERT INTO Modeles (nomModele, idMarque) VALUES ("220",4);
INSERT INTO Modeles (nomModele, idMarque) VALUES ("225",4);
INSERT INTO Modeles (nomModele, idMarque) VALUES ("228",4);
INSERT INTO Modeles (nomModele, idMarque) VALUES ("235",4);
INSERT INTO Modeles (nomModele, idMarque) VALUES ("316",4);
INSERT INTO Modeles (nomModele, idMarque) VALUES ("318",4);
INSERT INTO Modeles (nomModele, idMarque) VALUES ("320",4);
INSERT INTO Modeles (nomModele, idMarque) VALUES ("325",4);
INSERT INTO Modeles (nomModele, idMarque) VALUES ("328",4);
INSERT INTO Modeles (nomModele, idMarque) VALUES ("330",4);
INSERT INTO Modeles (nomModele, idMarque) VALUES ("335",4);
INSERT INTO Modeles (nomModele, idMarque) VALUES ("418",4);
INSERT INTO Modeles (nomModele, idMarque) VALUES ("420",4);
INSERT INTO Modeles (nomModele, idMarque) VALUES ("425",4);
INSERT INTO Modeles (nomModele, idMarque) VALUES ("428",4);
INSERT INTO Modeles (nomModele, idMarque) VALUES ("430",4);
INSERT INTO Modeles (nomModele, idMarque) VALUES ("435",4);
INSERT INTO Modeles (nomModele, idMarque) VALUES ("518",4);
INSERT INTO Modeles (nomModele, idMarque) VALUES ("520",4);
INSERT INTO Modeles (nomModele, idMarque) VALUES ("525",4);
INSERT INTO Modeles (nomModele, idMarque) VALUES ("528",4);
INSERT INTO Modeles (nomModele, idMarque) VALUES ("530",4);
INSERT INTO Modeles (nomModele, idMarque) VALUES ("535",4);
INSERT INTO Modeles (nomModele, idMarque) VALUES ("550",4);
INSERT INTO Modeles (nomModele, idMarque) VALUES ("640",4);
INSERT INTO Modeles (nomModele, idMarque) VALUES ("650",4);
INSERT INTO Modeles (nomModele, idMarque) VALUES ("730",4);
INSERT INTO Modeles (nomModele, idMarque) VALUES ("740",4);
INSERT INTO Modeles (nomModele, idMarque) VALUES ("750",4);
INSERT INTO Modeles (nomModele, idMarque) VALUES ("760",4);
INSERT INTO Modeles (nomModele, idMarque) VALUES ("I3",4);
INSERT INTO Modeles (nomModele, idMarque) VALUES ("I8",4);
INSERT INTO Modeles (nomModele, idMarque) VALUES ("M3",4);
INSERT INTO Modeles (nomModele, idMarque) VALUES ("M4",4);
INSERT INTO Modeles (nomModele, idMarque) VALUES ("M5",4);
INSERT INTO Modeles (nomModele, idMarque) VALUES ("SERIE 3 ACTIVEHYBRID",4);
INSERT INTO Modeles (nomModele, idMarque) VALUES ("SERIE 5 ACTIVEHYBRID",4);
INSERT INTO Modeles (nomModele, idMarque) VALUES ("SERIE 7 ACTIVEHYBRID",4);
INSERT INTO Modeles (nomModele, idMarque) VALUES ("X1",4);
INSERT INTO Modeles (nomModele, idMarque) VALUES ("X3",4);
INSERT INTO Modeles (nomModele, idMarque) VALUES ("X4",4);
INSERT INTO Modeles (nomModele, idMarque) VALUES ("X5",4);
INSERT INTO Modeles (nomModele, idMarque) VALUES ("X6",4);
INSERT INTO Modeles (nomModele, idMarque) VALUES ("Z4",4);
INSERT INTO Modeles (nomModele, idMarque) VALUES ("ATS",5);
INSERT INTO Modeles (nomModele, idMarque) VALUES ("CTS",5);
INSERT INTO Modeles (nomModele, idMarque) VALUES ("ESCALADE",5);
INSERT INTO Modeles (nomModele, idMarque) VALUES ("SRX",5);
INSERT INTO Modeles (nomModele, idMarque) VALUES ("CAMARO",6);
INSERT INTO Modeles (nomModele, idMarque) VALUES ("CORVETTE",6);
INSERT INTO Modeles (nomModele, idMarque) VALUES ("BERLINGO",7);
INSERT INTO Modeles (nomModele, idMarque) VALUES ("C-ZERO",7);
INSERT INTO Modeles (nomModele, idMarque) VALUES ("C1",7);
INSERT INTO Modeles (nomModele, idMarque) VALUES ("C3",7);
INSERT INTO Modeles (nomModele, idMarque) VALUES ("C3 PICASSO",7);
INSERT INTO Modeles (nomModele, idMarque) VALUES ("C4",7);
INSERT INTO Modeles (nomModele, idMarque) VALUES ("C4 AIRCROSS",7);
INSERT INTO Modeles (nomModele, idMarque) VALUES ("C4 CACTUS",7);
INSERT INTO Modeles (nomModele, idMarque) VALUES ("C4 PICASSO",7);
INSERT INTO Modeles (nomModele, idMarque) VALUES ("C5",7);
INSERT INTO Modeles (nomModele, idMarque) VALUES ("C8",7);
INSERT INTO Modeles (nomModele, idMarque) VALUES ("DS3",7);
INSERT INTO Modeles (nomModele, idMarque) VALUES ("DS4",7);
INSERT INTO Modeles (nomModele, idMarque) VALUES ("DS5",7);
INSERT INTO Modeles (nomModele, idMarque) VALUES ("JUMPER",7);
INSERT INTO Modeles (nomModele, idMarque) VALUES ("JUMPY",7);
INSERT INTO Modeles (nomModele, idMarque) VALUES ("NEMO",7);
INSERT INTO Modeles (nomModele, idMarque) VALUES ("DOKKER",8);
INSERT INTO Modeles (nomModele, idMarque) VALUES ("DUSTER",8);
INSERT INTO Modeles (nomModele, idMarque) VALUES ("LODGY",8);
INSERT INTO Modeles (nomModele, idMarque) VALUES ("LOGAN",8);
INSERT INTO Modeles (nomModele, idMarque) VALUES ("SANDERO",8);
INSERT INTO Modeles (nomModele, idMarque) VALUES ("458",9);
INSERT INTO Modeles (nomModele, idMarque) VALUES ("CALIFORNIA",9);
INSERT INTO Modeles (nomModele, idMarque) VALUES ("F12",9);
INSERT INTO Modeles (nomModele, idMarque) VALUES ("FF",9);
INSERT INTO Modeles (nomModele, idMarque) VALUES ("LAFERRARI",9);
INSERT INTO Modeles (nomModele, idMarque) VALUES ("500",10);
INSERT INTO Modeles (nomModele, idMarque) VALUES ("500L",10);
INSERT INTO Modeles (nomModele, idMarque) VALUES ("BRAVO",10);
INSERT INTO Modeles (nomModele, idMarque) VALUES ("DOBLO",10);
INSERT INTO Modeles (nomModele, idMarque) VALUES ("DUCATO",10);
INSERT INTO Modeles (nomModele, idMarque) VALUES ("FIORINO",10);
INSERT INTO Modeles (nomModele, idMarque) VALUES ("FREEMONT",10);
INSERT INTO Modeles (nomModele, idMarque) VALUES ("PANDA",10);
INSERT INTO Modeles (nomModele, idMarque) VALUES ("PUNTO",10);
INSERT INTO Modeles (nomModele, idMarque) VALUES ("SCUDO",10);
INSERT INTO Modeles (nomModele, idMarque) VALUES ("SEDICI",10);
INSERT INTO Modeles (nomModele, idMarque) VALUES ("B-MAX",11);
INSERT INTO Modeles (nomModele, idMarque) VALUES ("C-MAX",11);
INSERT INTO Modeles (nomModele, idMarque) VALUES ("ECOSPORT",11);
INSERT INTO Modeles (nomModele, idMarque) VALUES ("FIESTA",11);
INSERT INTO Modeles (nomModele, idMarque) VALUES ("FOCUS",11);
INSERT INTO Modeles (nomModele, idMarque) VALUES ("KA",11);
INSERT INTO Modeles (nomModele, idMarque) VALUES ("KUGA",11);
INSERT INTO Modeles (nomModele, idMarque) VALUES ("MONDEO",11);
INSERT INTO Modeles (nomModele, idMarque) VALUES ("S-MAX",11);
INSERT INTO Modeles (nomModele, idMarque) VALUES ("TOURNEO CONNECT",11);
INSERT INTO Modeles (nomModele, idMarque) VALUES ("TOURNEO COURIER",11);
INSERT INTO Modeles (nomModele, idMarque) VALUES ("TOURNEO CUSTOM",11);
INSERT INTO Modeles (nomModele, idMarque) VALUES ("TRANSIT",11);
INSERT INTO Modeles (nomModele, idMarque) VALUES ("TRANSIT CUSTOM",11);
INSERT INTO Modeles (nomModele, idMarque) VALUES ("ACCORD",12);
INSERT INTO Modeles (nomModele, idMarque) VALUES ("CIVIC",12);
INSERT INTO Modeles (nomModele, idMarque) VALUES ("CR-V",12);
INSERT INTO Modeles (nomModele, idMarque) VALUES ("CR-Z",12);
INSERT INTO Modeles (nomModele, idMarque) VALUES ("INSIGHT",12);
INSERT INTO Modeles (nomModele, idMarque) VALUES ("JAZZ",12);
INSERT INTO Modeles (nomModele, idMarque) VALUES ("GENESIS",13);
INSERT INTO Modeles (nomModele, idMarque) VALUES ("I 10",13);
INSERT INTO Modeles (nomModele, idMarque) VALUES ("I 20",13);
INSERT INTO Modeles (nomModele, idMarque) VALUES ("I 30",13);
INSERT INTO Modeles (nomModele, idMarque) VALUES ("I 40",13);
INSERT INTO Modeles (nomModele, idMarque) VALUES ("IX 20",13);
INSERT INTO Modeles (nomModele, idMarque) VALUES ("IX 35",13);
INSERT INTO Modeles (nomModele, idMarque) VALUES ("SANTA FE",13);
INSERT INTO Modeles (nomModele, idMarque) VALUES ("VELOSTER",13);
INSERT INTO Modeles (nomModele, idMarque) VALUES ("Q50",14);
INSERT INTO Modeles (nomModele, idMarque) VALUES ("Q60",14);
INSERT INTO Modeles (nomModele, idMarque) VALUES ("Q70",14);
INSERT INTO Modeles (nomModele, idMarque) VALUES ("QX50",14);
INSERT INTO Modeles (nomModele, idMarque) VALUES ("QX70",14);
INSERT INTO Modeles (nomModele, idMarque) VALUES ("F-TYPE",15);
INSERT INTO Modeles (nomModele, idMarque) VALUES ("XF",15);
INSERT INTO Modeles (nomModele, idMarque) VALUES ("XJ",15);
INSERT INTO Modeles (nomModele, idMarque) VALUES ("CHEROKEE",16);
INSERT INTO Modeles (nomModele, idMarque) VALUES ("COMPASS",16);
INSERT INTO Modeles (nomModele, idMarque) VALUES ("GRAND CHEROKEE",16);
INSERT INTO Modeles (nomModele, idMarque) VALUES ("WRANGLER",16);
INSERT INTO Modeles (nomModele, idMarque) VALUES ("CARENS",17);
INSERT INTO Modeles (nomModele, idMarque) VALUES ("CEED",17);
INSERT INTO Modeles (nomModele, idMarque) VALUES ("OPTIMA",17);
INSERT INTO Modeles (nomModele, idMarque) VALUES ("PICANTO",17);
INSERT INTO Modeles (nomModele, idMarque) VALUES ("RIO",17);
INSERT INTO Modeles (nomModele, idMarque) VALUES ("SORENTO",17);
INSERT INTO Modeles (nomModele, idMarque) VALUES ("SOUL",17);
INSERT INTO Modeles (nomModele, idMarque) VALUES ("SPORTAGE",17);
INSERT INTO Modeles (nomModele, idMarque) VALUES ("VENGA",17);
INSERT INTO Modeles (nomModele, idMarque) VALUES ("NIVA",18);
INSERT INTO Modeles (nomModele, idMarque) VALUES ("AVENTADOR",19);
INSERT INTO Modeles (nomModele, idMarque) VALUES ("GALLARDO",19);
INSERT INTO Modeles (nomModele, idMarque) VALUES ("HURACAN",19);
INSERT INTO Modeles (nomModele, idMarque) VALUES ("DELTA",20);
INSERT INTO Modeles (nomModele, idMarque) VALUES ("FLAVIA",20);
INSERT INTO Modeles (nomModele, idMarque) VALUES ("MUSA",20);
INSERT INTO Modeles (nomModele, idMarque) VALUES ("THEMA",20);
INSERT INTO Modeles (nomModele, idMarque) VALUES ("VOYAGER",20);
INSERT INTO Modeles (nomModele, idMarque) VALUES ("YPSILON",20);
INSERT INTO Modeles (nomModele, idMarque) VALUES ("DISCOVERY",21);
INSERT INTO Modeles (nomModele, idMarque) VALUES ("DISCOVERY SPORT",21);
INSERT INTO Modeles (nomModele, idMarque) VALUES ("FREELANDER",21);
INSERT INTO Modeles (nomModele, idMarque) VALUES ("RANGE ROVER",21);
INSERT INTO Modeles (nomModele, idMarque) VALUES ("RANGE ROVER EVOQUE",21);
INSERT INTO Modeles (nomModele, idMarque) VALUES ("RANGE ROVER SPORT",21);
INSERT INTO Modeles (nomModele, idMarque) VALUES ("CT",22);
INSERT INTO Modeles (nomModele, idMarque) VALUES ("GS",22);
INSERT INTO Modeles (nomModele, idMarque) VALUES ("IS",22);
INSERT INTO Modeles (nomModele, idMarque) VALUES ("LFA",22);
INSERT INTO Modeles (nomModele, idMarque) VALUES ("LS",22);
INSERT INTO Modeles (nomModele, idMarque) VALUES ("NX",22);
INSERT INTO Modeles (nomModele, idMarque) VALUES ("RC",22);
INSERT INTO Modeles (nomModele, idMarque) VALUES ("RX",22);
INSERT INTO Modeles (nomModele, idMarque) VALUES ("GHIBLI",23);
INSERT INTO Modeles (nomModele, idMarque) VALUES ("GRANCABRIO",23);
INSERT INTO Modeles (nomModele, idMarque) VALUES ("GRANTURISMO",23);
INSERT INTO Modeles (nomModele, idMarque) VALUES ("QUATTROPORTE",23);
INSERT INTO Modeles (nomModele, idMarque) VALUES ("2",24);
INSERT INTO Modeles (nomModele, idMarque) VALUES ("3",24);
INSERT INTO Modeles (nomModele, idMarque) VALUES ("5",24);
INSERT INTO Modeles (nomModele, idMarque) VALUES ("6",24);
INSERT INTO Modeles (nomModele, idMarque) VALUES ("CX-5",24);
INSERT INTO Modeles (nomModele, idMarque) VALUES ("MX-5",24);
INSERT INTO Modeles (nomModele, idMarque) VALUES ("A 160",25);
INSERT INTO Modeles (nomModele, idMarque) VALUES ("A 180",25);
INSERT INTO Modeles (nomModele, idMarque) VALUES ("A 200",25);
INSERT INTO Modeles (nomModele, idMarque) VALUES ("A 220",25);
INSERT INTO Modeles (nomModele, idMarque) VALUES ("A 250",25);
INSERT INTO Modeles (nomModele, idMarque) VALUES ("A 45 AMG",25);
INSERT INTO Modeles (nomModele, idMarque) VALUES ("AMG GT",25);
INSERT INTO Modeles (nomModele, idMarque) VALUES ("AMG GT S",25);
INSERT INTO Modeles (nomModele, idMarque) VALUES ("B 160",25);
INSERT INTO Modeles (nomModele, idMarque) VALUES ("B 180",25);
INSERT INTO Modeles (nomModele, idMarque) VALUES ("B 200",25);
INSERT INTO Modeles (nomModele, idMarque) VALUES ("B 220",25);
INSERT INTO Modeles (nomModele, idMarque) VALUES ("B 250",25);
INSERT INTO Modeles (nomModele, idMarque) VALUES ("B ED",25);
INSERT INTO Modeles (nomModele, idMarque) VALUES ("C 180",25);
INSERT INTO Modeles (nomModele, idMarque) VALUES ("C 200",25);
INSERT INTO Modeles (nomModele, idMarque) VALUES ("C 220",25);
INSERT INTO Modeles (nomModele, idMarque) VALUES ("C 250",25);
INSERT INTO Modeles (nomModele, idMarque) VALUES ("C 300",25);
INSERT INTO Modeles (nomModele, idMarque) VALUES ("C 350",25);
INSERT INTO Modeles (nomModele, idMarque) VALUES ("C 400",25);
INSERT INTO Modeles (nomModele, idMarque) VALUES ("C 63 AMG",25);
INSERT INTO Modeles (nomModele, idMarque) VALUES ("C 63 S-AMG",25);
INSERT INTO Modeles (nomModele, idMarque) VALUES ("CITAN",25);
INSERT INTO Modeles (nomModele, idMarque) VALUES ("CL 63 AMG",25);
INSERT INTO Modeles (nomModele, idMarque) VALUES ("CLA 180",25);
INSERT INTO Modeles (nomModele, idMarque) VALUES ("CLA 200",25);
INSERT INTO Modeles (nomModele, idMarque) VALUES ("CLA 220",25);
INSERT INTO Modeles (nomModele, idMarque) VALUES ("CLA 250",25);
INSERT INTO Modeles (nomModele, idMarque) VALUES ("CLA 45 AMG",25);
INSERT INTO Modeles (nomModele, idMarque) VALUES ("CLASSE V",25);
INSERT INTO Modeles (nomModele, idMarque) VALUES ("CLS 220",25);
INSERT INTO Modeles (nomModele, idMarque) VALUES ("CLS 250",25);
INSERT INTO Modeles (nomModele, idMarque) VALUES ("CLS 350",25);
INSERT INTO Modeles (nomModele, idMarque) VALUES ("CLS 400",25);
INSERT INTO Modeles (nomModele, idMarque) VALUES ("CLS 500",25);
INSERT INTO Modeles (nomModele, idMarque) VALUES ("CLS 63 AMG",25);
INSERT INTO Modeles (nomModele, idMarque) VALUES ("E 200",25);
INSERT INTO Modeles (nomModele, idMarque) VALUES ("E 220",25);
INSERT INTO Modeles (nomModele, idMarque) VALUES ("E 250",25);
INSERT INTO Modeles (nomModele, idMarque) VALUES ("E 300",25);
INSERT INTO Modeles (nomModele, idMarque) VALUES ("E 320",25);
INSERT INTO Modeles (nomModele, idMarque) VALUES ("E 350",25);
INSERT INTO Modeles (nomModele, idMarque) VALUES ("E 400",25);
INSERT INTO Modeles (nomModele, idMarque) VALUES ("E 500",25);
INSERT INTO Modeles (nomModele, idMarque) VALUES ("E 63 AMG",25);
INSERT INTO Modeles (nomModele, idMarque) VALUES ("G 350",25);
INSERT INTO Modeles (nomModele, idMarque) VALUES ("G 500",25);
INSERT INTO Modeles (nomModele, idMarque) VALUES ("G 63 AMG",25);
INSERT INTO Modeles (nomModele, idMarque) VALUES ("G 65 AMG",25);
INSERT INTO Modeles (nomModele, idMarque) VALUES ("GL 350",25);
INSERT INTO Modeles (nomModele, idMarque) VALUES ("GL 400",25);
INSERT INTO Modeles (nomModele, idMarque) VALUES ("GL 500",25);
INSERT INTO Modeles (nomModele, idMarque) VALUES ("GL 63 AMG",25);
INSERT INTO Modeles (nomModele, idMarque) VALUES ("GLA 180",25);
INSERT INTO Modeles (nomModele, idMarque) VALUES ("GLA 200",25);
INSERT INTO Modeles (nomModele, idMarque) VALUES ("GLA 220",25);
INSERT INTO Modeles (nomModele, idMarque) VALUES ("GLA 250",25);
INSERT INTO Modeles (nomModele, idMarque) VALUES ("GLA 45 AMG",25);
INSERT INTO Modeles (nomModele, idMarque) VALUES ("ML 250",25);
INSERT INTO Modeles (nomModele, idMarque) VALUES ("ML 350",25);
INSERT INTO Modeles (nomModele, idMarque) VALUES ("ML 400",25);
INSERT INTO Modeles (nomModele, idMarque) VALUES ("ML 500",25);
INSERT INTO Modeles (nomModele, idMarque) VALUES ("ML 63 AMG",25);
INSERT INTO Modeles (nomModele, idMarque) VALUES ("S 300",25);
INSERT INTO Modeles (nomModele, idMarque) VALUES ("S 350",25);
INSERT INTO Modeles (nomModele, idMarque) VALUES ("S 400",25);
INSERT INTO Modeles (nomModele, idMarque) VALUES ("S 500",25);
INSERT INTO Modeles (nomModele, idMarque) VALUES ("S 600",25);
INSERT INTO Modeles (nomModele, idMarque) VALUES ("S 63 AMG",25);
INSERT INTO Modeles (nomModele, idMarque) VALUES ("S 65 AMG",25);
INSERT INTO Modeles (nomModele, idMarque) VALUES ("SL 350",25);
INSERT INTO Modeles (nomModele, idMarque) VALUES ("SL 400",25);
INSERT INTO Modeles (nomModele, idMarque) VALUES ("SL 500",25);
INSERT INTO Modeles (nomModele, idMarque) VALUES ("SL 63 AMG",25);
INSERT INTO Modeles (nomModele, idMarque) VALUES ("SL 65 AMG",25);
INSERT INTO Modeles (nomModele, idMarque) VALUES ("SLK 200",25);
INSERT INTO Modeles (nomModele, idMarque) VALUES ("SLK 250",25);
INSERT INTO Modeles (nomModele, idMarque) VALUES ("SLK 350",25);
INSERT INTO Modeles (nomModele, idMarque) VALUES ("SLK 55 AMG",25);
INSERT INTO Modeles (nomModele, idMarque) VALUES ("SLS AMG GT S",25);
INSERT INTO Modeles (nomModele, idMarque) VALUES ("SPRINTER",25);
INSERT INTO Modeles (nomModele, idMarque) VALUES ("VITO",25);
INSERT INTO Modeles (nomModele, idMarque) VALUES ("CABRIO",26);
INSERT INTO Modeles (nomModele, idMarque) VALUES ("COUNTRYMAN",26);
INSERT INTO Modeles (nomModele, idMarque) VALUES ("COUPE",26);
INSERT INTO Modeles (nomModele, idMarque) VALUES ("MINI",26);
INSERT INTO Modeles (nomModele, idMarque) VALUES ("PACEMAN",26);
INSERT INTO Modeles (nomModele, idMarque) VALUES ("ROADSTER",26);
INSERT INTO Modeles (nomModele, idMarque) VALUES ("ASX",27);
INSERT INTO Modeles (nomModele, idMarque) VALUES ("I-MIEV",27);
INSERT INTO Modeles (nomModele, idMarque) VALUES ("OUTLANDER",27);
INSERT INTO Modeles (nomModele, idMarque) VALUES ("PAJERO",27);
INSERT INTO Modeles (nomModele, idMarque) VALUES ("SPACE STAR",27);
INSERT INTO Modeles (nomModele, idMarque) VALUES ("370Z",28);
INSERT INTO Modeles (nomModele, idMarque) VALUES ("GT-R",28);
INSERT INTO Modeles (nomModele, idMarque) VALUES ("JUKE",28);
INSERT INTO Modeles (nomModele, idMarque) VALUES ("LEAF",28);
INSERT INTO Modeles (nomModele, idMarque) VALUES ("MICRA",28);
INSERT INTO Modeles (nomModele, idMarque) VALUES ("MURANO",28);
INSERT INTO Modeles (nomModele, idMarque) VALUES ("NOTE",28);
INSERT INTO Modeles (nomModele, idMarque) VALUES ("NV200",28);
INSERT INTO Modeles (nomModele, idMarque) VALUES ("NV300",28);
INSERT INTO Modeles (nomModele, idMarque) VALUES ("NV400",28);
INSERT INTO Modeles (nomModele, idMarque) VALUES ("PULSAR",28);
INSERT INTO Modeles (nomModele, idMarque) VALUES ("QASHQAI",28);
INSERT INTO Modeles (nomModele, idMarque) VALUES ("X-TRAIL",28);
INSERT INTO Modeles (nomModele, idMarque) VALUES ("ADAM",29);
INSERT INTO Modeles (nomModele, idMarque) VALUES ("AGILA",29);
INSERT INTO Modeles (nomModele, idMarque) VALUES ("AMPERA",29);
INSERT INTO Modeles (nomModele, idMarque) VALUES ("ANTARA",29);
INSERT INTO Modeles (nomModele, idMarque) VALUES ("ASTRA",29);
INSERT INTO Modeles (nomModele, idMarque) VALUES ("CASCADA",29);
INSERT INTO Modeles (nomModele, idMarque) VALUES ("COMBO",29);
INSERT INTO Modeles (nomModele, idMarque) VALUES ("CORSA",29);
INSERT INTO Modeles (nomModele, idMarque) VALUES ("INSIGNIA",29);
INSERT INTO Modeles (nomModele, idMarque) VALUES ("MERIVA",29);
INSERT INTO Modeles (nomModele, idMarque) VALUES ("MOKKA",29);
INSERT INTO Modeles (nomModele, idMarque) VALUES ("MOVANO",29);
INSERT INTO Modeles (nomModele, idMarque) VALUES ("VIVARO",29);
INSERT INTO Modeles (nomModele, idMarque) VALUES ("ZAFIRA",29);
INSERT INTO Modeles (nomModele, idMarque) VALUES ("108",30);
INSERT INTO Modeles (nomModele, idMarque) VALUES ("2008",30);
INSERT INTO Modeles (nomModele, idMarque) VALUES ("207",30);
INSERT INTO Modeles (nomModele, idMarque) VALUES ("208",30);
INSERT INTO Modeles (nomModele, idMarque) VALUES ("3008",30);
INSERT INTO Modeles (nomModele, idMarque) VALUES ("308",30);
INSERT INTO Modeles (nomModele, idMarque) VALUES ("4008",30);
INSERT INTO Modeles (nomModele, idMarque) VALUES ("5008",30);
INSERT INTO Modeles (nomModele, idMarque) VALUES ("508",30);
INSERT INTO Modeles (nomModele, idMarque) VALUES ("BIPPER",30);
INSERT INTO Modeles (nomModele, idMarque) VALUES ("BOXER",30);
INSERT INTO Modeles (nomModele, idMarque) VALUES ("EXPERT",30);
INSERT INTO Modeles (nomModele, idMarque) VALUES ("ION",30);
INSERT INTO Modeles (nomModele, idMarque) VALUES ("PARTNER",30);
INSERT INTO Modeles (nomModele, idMarque) VALUES ("RCZ",30);
INSERT INTO Modeles (nomModele, idMarque) VALUES ("911",31);
INSERT INTO Modeles (nomModele, idMarque) VALUES ("918",31);
INSERT INTO Modeles (nomModele, idMarque) VALUES ("BOXSTER",31);
INSERT INTO Modeles (nomModele, idMarque) VALUES ("CAYENNE",31);
INSERT INTO Modeles (nomModele, idMarque) VALUES ("CAYMAN",31);
INSERT INTO Modeles (nomModele, idMarque) VALUES ("MACAN",31);
INSERT INTO Modeles (nomModele, idMarque) VALUES ("PANAMERA",31);
INSERT INTO Modeles (nomModele, idMarque) VALUES ("CAPTUR",32);
INSERT INTO Modeles (nomModele, idMarque) VALUES ("CLIO",32);
INSERT INTO Modeles (nomModele, idMarque) VALUES ("ESPACE",32);
INSERT INTO Modeles (nomModele, idMarque) VALUES ("KANGOO",32);
INSERT INTO Modeles (nomModele, idMarque) VALUES ("KOLEOS",32);
INSERT INTO Modeles (nomModele, idMarque) VALUES ("LAGUNA",32);
INSERT INTO Modeles (nomModele, idMarque) VALUES ("LATITUDE",32);
INSERT INTO Modeles (nomModele, idMarque) VALUES ("MASTER",32);
INSERT INTO Modeles (nomModele, idMarque) VALUES ("MEGANE",32);
INSERT INTO Modeles (nomModele, idMarque) VALUES ("SCENIC",32);
INSERT INTO Modeles (nomModele, idMarque) VALUES ("TRAFIC",32);
INSERT INTO Modeles (nomModele, idMarque) VALUES ("TWINGO",32);
INSERT INTO Modeles (nomModele, idMarque) VALUES ("ZOE",32);
INSERT INTO Modeles (nomModele, idMarque) VALUES ("GHOST",33);
INSERT INTO Modeles (nomModele, idMarque) VALUES ("PHANTOM",33);
INSERT INTO Modeles (nomModele, idMarque) VALUES ("WRAITH",33);
INSERT INTO Modeles (nomModele, idMarque) VALUES ("ALHAMBRA",34);
INSERT INTO Modeles (nomModele, idMarque) VALUES ("ALTEA",34);
INSERT INTO Modeles (nomModele, idMarque) VALUES ("IBIZA",34);
INSERT INTO Modeles (nomModele, idMarque) VALUES ("LEON",34);
INSERT INTO Modeles (nomModele, idMarque) VALUES ("MII",34);
INSERT INTO Modeles (nomModele, idMarque) VALUES ("TOLEDO",34);
INSERT INTO Modeles (nomModele, idMarque) VALUES ("CITIGO",35);
INSERT INTO Modeles (nomModele, idMarque) VALUES ("FABIA",35);
INSERT INTO Modeles (nomModele, idMarque) VALUES ("OCTAVIA",35);
INSERT INTO Modeles (nomModele, idMarque) VALUES ("RAPID",35);
INSERT INTO Modeles (nomModele, idMarque) VALUES ("ROOMSTER",35);
INSERT INTO Modeles (nomModele, idMarque) VALUES ("SUPERB",35);
INSERT INTO Modeles (nomModele, idMarque) VALUES ("YETI",35);
INSERT INTO Modeles (nomModele, idMarque) VALUES ("FORFOUR",36);
INSERT INTO Modeles (nomModele, idMarque) VALUES ("FORTWO",36);
INSERT INTO Modeles (nomModele, idMarque) VALUES ("KORANDO",37);
INSERT INTO Modeles (nomModele, idMarque) VALUES ("REXTON",37);
INSERT INTO Modeles (nomModele, idMarque) VALUES ("RODIUS",37);
INSERT INTO Modeles (nomModele, idMarque) VALUES ("BRZ",38);
INSERT INTO Modeles (nomModele, idMarque) VALUES ("FORESTER",38);
INSERT INTO Modeles (nomModele, idMarque) VALUES ("WRX",38);
INSERT INTO Modeles (nomModele, idMarque) VALUES ("XV",38);
INSERT INTO Modeles (nomModele, idMarque) VALUES ("CELERIO",39);
INSERT INTO Modeles (nomModele, idMarque) VALUES ("JIMNY",39);
INSERT INTO Modeles (nomModele, idMarque) VALUES ("SWIFT",39);
INSERT INTO Modeles (nomModele, idMarque) VALUES ("SX4",39);
INSERT INTO Modeles (nomModele, idMarque) VALUES ("VITARA",39);
INSERT INTO Modeles (nomModele, idMarque) VALUES ("MODEL S",40);
INSERT INTO Modeles (nomModele, idMarque) VALUES ("AURIS",41);
INSERT INTO Modeles (nomModele, idMarque) VALUES ("AVENSIS",41);
INSERT INTO Modeles (nomModele, idMarque) VALUES ("AYGO",41);
INSERT INTO Modeles (nomModele, idMarque) VALUES ("GT86",41);
INSERT INTO Modeles (nomModele, idMarque) VALUES ("IQ",41);
INSERT INTO Modeles (nomModele, idMarque) VALUES ("LAND CRUISER",41);
INSERT INTO Modeles (nomModele, idMarque) VALUES ("PRIUS",41);
INSERT INTO Modeles (nomModele, idMarque) VALUES ("PRIUS+",41);
INSERT INTO Modeles (nomModele, idMarque) VALUES ("RAV4",41);
INSERT INTO Modeles (nomModele, idMarque) VALUES ("VERSO",41);
INSERT INTO Modeles (nomModele, idMarque) VALUES ("VERSO S",41);
INSERT INTO Modeles (nomModele, idMarque) VALUES ("YARIS",41);
INSERT INTO Modeles (nomModele, idMarque) VALUES ("CC",42);
INSERT INTO Modeles (nomModele, idMarque) VALUES ("COCCINELLE",42);
INSERT INTO Modeles (nomModele, idMarque) VALUES ("CRAFTER",42);
INSERT INTO Modeles (nomModele, idMarque) VALUES ("EOS",42);
INSERT INTO Modeles (nomModele, idMarque) VALUES ("GOLF",42);
INSERT INTO Modeles (nomModele, idMarque) VALUES ("GOLF SPORTSVAN",42);
INSERT INTO Modeles (nomModele, idMarque) VALUES ("JETTA",42);
INSERT INTO Modeles (nomModele, idMarque) VALUES ("PASSAT",42);
INSERT INTO Modeles (nomModele, idMarque) VALUES ("PHAETON",42);
INSERT INTO Modeles (nomModele, idMarque) VALUES ("POLO",42);
INSERT INTO Modeles (nomModele, idMarque) VALUES ("SCIROCCO",42);
INSERT INTO Modeles (nomModele, idMarque) VALUES ("SHARAN",42);
INSERT INTO Modeles (nomModele, idMarque) VALUES ("TIGUAN",42);
INSERT INTO Modeles (nomModele, idMarque) VALUES ("TOUAREG",42);
INSERT INTO Modeles (nomModele, idMarque) VALUES ("TOURAN",42);
INSERT INTO Modeles (nomModele, idMarque) VALUES ("UP!",42);
INSERT INTO Modeles (nomModele, idMarque) VALUES ("S60",43);
INSERT INTO Modeles (nomModele, idMarque) VALUES ("S80",43);
INSERT INTO Modeles (nomModele, idMarque) VALUES ("V40",43);
INSERT INTO Modeles (nomModele, idMarque) VALUES ("V60",43);
INSERT INTO Modeles (nomModele, idMarque) VALUES ("V70",43);
INSERT INTO Modeles (nomModele, idMarque) VALUES ("XC60",43);
INSERT INTO Modeles (nomModele, idMarque) VALUES ("XC70",43);
INSERT INTO Modeles (nomModele, idMarque) VALUES ("XC90",43);

INSERT INTO Dates (dateCommande, dateArrivee) VALUES ("2020-10-09","2021-03-09");
INSERT INTO Dates (dateCommande, dateArrivee) VALUES ("2021-05-15","2021-10-15");
INSERT INTO Dates (dateCommande, dateArrivee) VALUES ("2021-08-12","2022-01-12");
INSERT INTO Dates (dateCommande, dateArrivee) VALUES ("2022-05-18","2022-10-18");
INSERT INTO Dates (dateCommande, dateArrivee) VALUES ("2022-03-14","2022-08-14");
INSERT INTO Dates (dateCommande, dateArrivee) VALUES ("2021-12-03","2022-05-03");
INSERT INTO Dates (dateCommande, dateArrivee) VALUES ("2022-03-11","2022-08-11");
INSERT INTO Dates (dateCommande, dateArrivee) VALUES ("2020-01-31","2020-06-30");
INSERT INTO Dates (dateCommande, dateArrivee) VALUES ("2022-01-03","2022-06-03");
INSERT INTO Dates (dateCommande, dateArrivee) VALUES ("2021-04-20","2021-09-20");
INSERT INTO Dates (dateCommande, dateArrivee) VALUES ("2020-09-10","2021-02-10");
INSERT INTO Dates (dateCommande, dateArrivee) VALUES ("2022-06-22","2022-11-22");
INSERT INTO Dates (dateCommande, dateArrivee) VALUES ("2021-09-19","2022-02-19");
INSERT INTO Dates (dateCommande, dateArrivee) VALUES ("2021-02-10","2021-07-10");
INSERT INTO Dates (dateCommande, dateArrivee) VALUES ("2021-09-10","2022-02-10");
INSERT INTO Dates (dateCommande, dateArrivee) VALUES ("2022-04-05","2022-09-05");
INSERT INTO Dates (dateCommande, dateArrivee) VALUES ("2021-07-29","2021-12-29");
INSERT INTO Dates (dateCommande, dateArrivee) VALUES ("2020-05-14","2020-10-14");
INSERT INTO Dates (dateCommande, dateArrivee) VALUES ("2020-10-19","2021-03-19");
INSERT INTO Dates (dateCommande, dateArrivee) VALUES ("2020-02-26","2020-07-26");

INSERT INTO commande (idModele, idDate) VALUES (292,1);
INSERT INTO commande (idModele, idDate) VALUES (3,2);
INSERT INTO commande (idModele, idDate) VALUES (6,3);
INSERT INTO commande (idModele, idDate) VALUES (6,4);
INSERT INTO commande (idModele, idDate) VALUES (10,5);
INSERT INTO commande (idModele, idDate) VALUES (7,6);
INSERT INTO commande (idModele, idDate) VALUES (13,7);
INSERT INTO commande (idModele, idDate) VALUES (12,8);
INSERT INTO commande (idModele, idDate) VALUES (15,9);
INSERT INTO commande (idModele, idDate) VALUES (14,10);
INSERT INTO commande (idModele, idDate) VALUES (15,11);
INSERT INTO commande (idModele, idDate) VALUES (16,12);
INSERT INTO commande (idModele, idDate) VALUES (13,13);
INSERT INTO commande (idModele, idDate) VALUES (16,14);
INSERT INTO commande (idModele, idDate) VALUES (17,15);
INSERT INTO commande (idModele, idDate) VALUES (28,16);
INSERT INTO commande (idModele, idDate) VALUES (27,17);
INSERT INTO commande (idModele, idDate) VALUES (19,18);
INSERT INTO commande (idModele, idDate) VALUES (22,19);
INSERT INTO commande (idModele, idDate) VALUES (33,20);